Title,Subtitle,Author,,
Apprendre la programmation web avec Python et Django : Principes et bonnes pratiques pour les sites web dynamiques,,Gilles Degols; Hugues Bersini; Pierre Alexis,,
"Becoming an Enterprise Django Developer: Discover best practices, tooling, and solutions for writing and organizing Django applications in production",,Michael Dinder,,
Beginning Django 3: Build Full Stack Python Web Applications,,Correa Daniel; Lim Greg,,
Beginning Django API and React,,Greg Lim; Daniel Correa,,
Beginning Django CMS: Build a first-class content management system from the ground up the easy way,,Nigel George,,
Beginning Django E-Commerce,,James McGaw,,
Beginning Django: Web Application Development and Deployment with Python,,Daniel Rubio,,
Build a Website With Django 3: A complete introduction to Django 3,,Nigel George,,
"Building Django 2.0 Web Applications: Create enterprise-grade, scalable Python web applications easily with Django 2.0",,Tom Aratyn,,
Building SPAs with Django and HTML Over the Wire: Learn to build real-time single page applications with Python,,Andros Fenollosa,,
Building Versatile Mobile Apps with Python and REST: RESTful Web Services with Django and React,,Art Yudin,,
"Building Web Applications with Python and Neo4: Develop exciting real-world Python-based web applications with Neo4j using frameworks such as Flask, Py2neo, and Django",,Gupta G.,,
"Building Web Applications with Python and Neo4j: Develop exciting real-world Python-based web applications with Neo4j using frameworks such as Flask, Py2neo, and Django",,Sumit Gupta,,
Building Websites with Django: Build and deploy professional websites with Python programming and the Django framework (English Edition),,Awanish Ranjan,,
"Computer Programming, For Beginners, Quick Start Guide, Tutorial Book 3: Include PowerShell, Node.Js, Django, Scala, Swift, Perl.",,Yao Ray,,
"Crafting Test-Driven Software with Python: Write test suites that scale with your applications needs and complexity, using Python and PyTest",,Alessandro Molina,,
Decoupled Django: Understand and Build Decoupled Django Architectures for JavaScript Front-ends,,Valentino Gagliardi,,
"Designing Microservices using Django: Structuring, Deploying and Managing the Microservices Architecture with Django",,Shayank Jain,,
Designing Microservices with Django: An Overview of Tools and Practices,,Akos Hochrein,,
Développez votre site web avec le framework Django,,Maxime Lorant; Mathieu Xhonneux,,
Django - The Easy Way A step-by-step guide on building Django websites,,Samuli Natri,,
"Django - The Easy Way: A step-by-step guide on building Django websites, 2nd Edition",,Samuli Natri,,
Django - The Easy Way (3rd Edition),,Samuli Natri,,
Django 1.0 Template Development,,Scott Newman,,
Django 1.0 Website Development,,Ayman Hourieh,,
Django 1.1 Testing and Debugging,,Karen M. Tracey,,
Django 1.2 e-commerce,,Jesse Legg,,
Django By Example,,Antonio Melé,,
Django 2 by Example,,Antonio Melé,,
Django 2 By Example 中文版,it-ebooks-2018,Antonio Melé,,
Django 2 в примерах,,Antonio Melé,,
Django 3 By Example: Build powerful and reliable Python web applications from scratch,,Antonio Melé,,
"Django 4 By Example: Build powerful and reliable Python web applications from scratch, 4th Edition",,Antonio Melé,,
Django 2 Web Development Cookbook: 100 practical recipes on building scalable Python web apps with Django 2,Django Web Development,Jake Kronika; Aidas Bendoraitis,,
Django 2.1. Практика создания веб-сайтов на Python,Профессиональное программирование,Владимир Дронов,,
Django 2.2 中文文档,it-ebooks-2019,,,
Django 3 Web Development Cookbook,,Jake Kronika; Aidas Bendoraitis,,
Django 3: For Beginners,,Andrey Bulezyuk,,
Django 3.0. Практика создания Web-сайтов на Python,Профессиональное программирование,Владимир Дронов,,
Django 3.0. Практика создания веб-сайтов на Python,,Дронов В. А.,,
Django 4 for the Impatient. Learn the core concepts of Python web development with Django in one weekend,,Greg Lim; Daniel Correa,,
Django Admin Cookbook: How to do Things with Django Admin,,Shabda Raaj,,
Django avancé,,Yohann Gabory; Thomas Petillon; Nicolas Ferrari,,
Django CMS Tutorial,,Thoenen K.; Wohlwend B.,,","
Django Cookbook Web Development with Django - Step by Step Guide,,Beau Curtin,,
Django Crash Course,,Daniel Roy Greenfield; Audrey Roy Greenfield,,
Django Design Patterns and Best Practices,,Arun Ravindran,,
Django Essentials,,Samuel Dauzon,,
Django for APIs: Build Web APIs with Python & Django,,William S. Vincent,,
Django for APIs: Build web APIs with Python and Django 3.1,,William S Vincent,,
Django for APIs: Build web APIs with Python and Django 4.0,,William S. Vincent,,
Django for beginners: build websites with Python & Django,,William S. Vincent,,
Django for Beginners: Learn Web Development with Django 2.0,,William S. Vincent,,
Django for Beginners: Build Websites with Python and Django 2.1,,William S. Vincent,,
Django for Beginners: Build Websites with Python and Django 3.1,,William S. Vincent,,
Django for Beginners: Build websites with Python & Django 4.0,,William S. Vincent,,
Django for Professionals: Production Websites with Python & Django,,William S. Vincent,,
Django for Professionals: Production websites with Python & Django 3.1,,William S. Vincent,,
Django for Professionals: Production websites with Python & Django 4.0,,William S. Vincent,,
Django Guide For Beginners,,Michаеl Dаvid,,
Django JavaScript integration : AJAX and jQuery,,Jonathan Hayward,,
Django made easy: Build and deploy reliable Django applications,,Vought Peter,,
Django Project Blueprints,,Asad Jibran Ahmed,,
Django RESTful Web Services,,Gaston C. Hillar,,
Django Standalone Apps: Learn to Develop Reusable Django Libraries,,Ben Lopatin,,
Django Test-Driven Development (Python),,Kevin Harvey,,
Django Unleashed,,Andrew Pinkham,,
Django Практика создания Web-сайтов на Python,,Дронов Владимир,,
Django 中文文档 1.8 20170215,it-ebooks-2017,,,
Django 中文文档 1.8 Update 20161127,it-ebooks-2016,,,
Django 网站开发 Cookbook,it-ebooks-2016,,,
Django 设计模式与最佳实践,it-ebooks-2016,Bharath Chandra K S; Chris Guest,,
"Django: Build powerful and reliable Python web applications from scratch , 2nd Edition",,Rufus Stewart,,
Django: Visual QuickPro Guide,,Holzner Steven,,
Django: Web Development with Python,,Samuel Dauzon; Aidas Bendoraitis; Arun Ravindran,,
Django: Практика создания Web-сайтов на Python,,Дронов Владимир.,,
Django. Подробное руководство,High tech,Головатый А.;  Каплан-Мосс Дж.,,
Django. Разработка веб-приложений на Python,High tech,Форсье Дж.; Биссекс П.; Чан У.,,
Django之歌：简易博客搭建教程,it-ebooks-2016,,,
Django企业开发实战: 高效Python Web框架指南,图灵原创,胡阳,,
Django框架基础教程（C语言编程网）,it-ebooks-2020,it-ebooks,,
Expert Twisted: Event-Driven and Asynchronous Programming with Python,,Mark Williams; Cory Benfield; Brian Warner,,
Foundation Dynamic Web Pages with Python: Create Dynamic Web Pages with Django and Flask,,David Ashley,,
Getting Started with Django,,Samuel Dauzon,,
Hands-On Bug Hunting for Penetration Testers: A practical guide to help ethical hackers discover web application security flaws,,Joseph Marshall,,
"Hands-On Python Deep Learning for the Web: Integrating neural network architectures to build smart web apps with Flask, Django, and TensorFlow",,Anubhav Singh; Sayak Paul,,
"Hands-On RESTful Python Web Services: Develop RESTful web services or APIs with modern Python 3.7, 2nd Edition",,Gaston C. Hillar,,
Hello web app: intro to web app development using Python and Django,,Osborn Tracy,,
High Performance Django,,Peter Baumgartner; Yann Malet,,
How to Tango with Django 1.7,,Azzopardi L.; Maxwell D.,,
Humanizing Research: Decolonizing Qualitative Inquiry with Youth and Communities,,Jesse Django Paris; Maisha T Winn,,
Learning Django Web Development,,Sanjeev Jaiswal; Ratan Kumar,,
Learning Django Web Development (Python),,Ratan Kumar; Sanjeev Jaiswal,,
"Learning Django web development from idea to prototype, a learner\'s guide for web development wih the Django application framework",Community experience distilled,Jaiswal Sanjeev; Kumar Ratan,,
Learning Website Development with Django,From Technologies to Solutions,Ayman Hourieh,,
"Learning Website Development with Django: A beginner\'s tutorial to building web applications, quickly and cleanly, with the Django application framework",From Technologies to Solutions,Ayman Hourieh,,
"Lightweight Django: Using REST, WebSockets, and Backbone",,Julia Elman; Mark Lavin,,
Mastering Django: A Beginner's Guide,Mastering Computer Science,Sufyan bin Uzayr,,
Mastering Django: Core,,Nigel George,,
"Mastering Geospatial Analysis with Python: Explore GIS processing and learn to work with GeoDjango, CARTOframes and MapboxGL-Jupyter",,Toms Silas; Crickard Paul; Rees,,
Next-Generation Web Frameworks in Python,,Liza Daly,,
NGINX Unit Cookbook: Recipes for Using a Versatile Open Source Server,,Derek DeJonghe,,
OpenTutorial Git Python Django 教程,it-ebooks-2018,,,
Practical Django 2 and Channels 2: Building Projects and Applications with Real-Time Capabilities,,Federico Marani,,
Practical Django Projects,Expert's Voice in Web Development,James Bennett,,
"Practical Django Projects, Second Edition",,James Bennett,,
Pro Django,Expert's voice in Web development,Marty Alchin,,
"Pro Django, 2nd Edition",Expert’s Voice in Web Development,Marty Alchin,,
Professional Python Frameworks: Web 2.0 Programming with Django and Turbogears (Programmer to Programmer),Programmer to Programmer,Dana Moore; Raymond Budd; William Wright,,
Python e Django,Escola Superior de Redes,Ramiro B. da Luz,,
"Python for Beginners: The Absolute Beginners Guide to Python Programming, Data Science and Predictive Model. A Practical Introduction to Object Oriented Programming Language. (Essentials Cookbook)",,Smith,,
"Python Machine Learning: The Crash Course for Beginners to Programming and Deep Learning, Artificial Intelligence, Neural Networks and Data Science. Scikit Learn, Tensorflow, Pandas and Numpy.",,Smith,,
"Python programming blueprints : build nine projects by leveraging powerful frameworks such as Flask, Nameko, and Django",,Marcus Pennington; Daniel Furtado,,
Python Web Development with Django,,Jeff Forcier; Wesley J. Chun; Paul Bissex,,
"Python, Django и PyCharm для начинающих",Для начинающих,Анатолий Постолит,,
Python. Разработка на основе тестирования,,Гарри Персиваль,,
"Python. Разработка на основе тестирования. Повинуйся Билли-тестировщику, используя Django, Selenium и JavaScript",,Персиваль Г.,,
"Rapid Python Programming: GUI Creation, Django Web Server, Game Programming, and Stock Analysis",,William Gunnells,,
Real Python Part 3: Advanced Web Development with Django,,Jeremy Johnson,,
Real Python Part 3: Advanced Web Development with Django 1.6,,Johnson Jeremy.,,
Sams Teach Yourself Django in 24 Hours,,Brad Dayley,,
Secure Web Application Development: A Hands-On Guide with Python and Django,,Matthew Baker,,
Speed Up Your Django Tests,,Adam Johnson,,
Tango with Django 2: A beginner’s guide to web development with Django 2 (v.2020-01a),,Leif Azzopardi; David Maxwell,,
Tango With Django: A beginner’s Guide to Web Development With Python / Django 1.9,,Leif Azzopardi; David Maxwell,,
TangoWithDjango 1.9 中文版,,,,
"Test-Driven Development with Python: Obey the Testing Goat: Using Django, Selenium, and JavaScript",Test-Driven Development with Python,Harry Percival,,
The Definitive Guide to Django: Web Development Done Right,,Adrian Holovaty; Jacob Kaplan-Moss,,
"The Definitive Guide to Django: Web Development Done Right, Second Edition",,Adrian Holovaty; Jacob Kaplan-Moss,,
The Definitive Guide to Hotwire and Django,,Michael Yin,,
The Temple of Django Database Performance,,Andrew Brookins,,
Two Scoops of Django: Best Practices For Django 1.5,,Daniel Greenfeld; Audrey M. Roy,,
Two Scoops of Django: Best Practices For Django 1.6,,Daniel Greenfeld; Audrey M. Roy,,
Two Scoops of Django: Best Practices for Django 1.8,,Daniel Greenfeld; Audrey M. Roy,,
Two Scoops of Django 1.11: Best Practices for the Django Web Framework,,Daniel Roy Greenfeld; Audrey M. Roy Greenfeld,,
Two Scoops of Django 3.x: Best Practices for the Django Web Framework,,Daniel Roy Greenfeld; Audrey M. Roy Greenfeld,,
Visual Studio Code for Python Programmers,,April Speight,,
Web Development with Django,,Ben Shaw; Saurabh Badhwar; Andrew Bird; Bharath Chandra K S; Chris Guest,,
Web Development with Django Cookbook,,Aidas Bendoraitis,,
"Изучаем Python: программирование игр, визуализация данных, веб-приложения",Библиотека программиста,Эрик Мэтиз,,
Перевод части документации Django-CMS,,Щавель A.,,
"Пример сайта, написанного на python с помощью django",,Никитин И.К.,,
从Python到Django入门教程,it-ebooks-2018,Bharath Chandra K S; Chris Guest,,
